ALL,WMT,XOM,F,GE,IBM,C,T,MO,BA,BAC,HPQ,KR,STFGX,AIG,HD,PG,FNMA,CVX,MS,JPM,TGT,VZ,MRK,MSI,MCK,INTC,DD,JNJ,COST
2017-11-28 00:00:00,2017-11-28 00:00:00,2017-11-28 00:00:00,2017-11-28 00:00:00,2017-11-28 00:00:00,2017-11-28 00:00:00,2017-11-28 00:00:00,2017-11-28 00:00:00,2017-11-28 00:00:00,2017-11-28 00:00:00,2017-11-28 00:00:00,2017-11-28 00:00:00,2017-11-28 00:00:00,2017-11-28 00:00:00,2017-11-28 00:00:00,2017-11-28 00:00:00,2017-11-28 00:00:00,2017-11-28 00:00:00,2017-11-28 00:00:00,2017-11-28 00:00:00,2017-11-28 00:00:00,2017-11-28 00:00:00,2017-11-28 00:00:00,2017-11-28 00:00:00,2017-11-28 00:00:00,2017-11-28 00:00:00,2017-11-28 00:00:00,2017-11-28 00:00:00,2017-11-28 00:00:00,2017-11-28 00:00:00
2022-05-18 00:00:00,2022-05-18 00:00:00,2022-05-18 00:00:00,2022-05-18 00:00:00,2022-05-18 00:00:00,2022-05-18 00:00:00,2022-05-18 00:00:00,2022-05-18 00:00:00,2022-05-18 00:00:00,2022-05-18 00:00:00,2022-05-18 00:00:00,2022-05-18 00:00:00,2022-05-18 00:00:00,2022-05-18 00:00:00,2022-05-18 00:00:00,2022-05-18 00:00:00,2022-05-18 00:00:00,2022-05-18 00:00:00,2022-05-18 00:00:00,2022-05-18 00:00:00,2022-05-18 00:00:00,2022-05-18 00:00:00,2022-05-18 00:00:00,2022-05-18 00:00:00,2022-05-18 00:00:00,2022-05-18 00:00:00,2022-05-18 00:00:00,2022-05-18 00:00:00,2022-05-18 00:00:00,2022-05-18 00:00:00
1632 days 00:00:00,1632 days 00:00:00,1632 days 00:00:00,1632 days 00:00:00,1632 days 00:00:00,1632 days 00:00:00,1632 days 00:00:00,1632 days 00:00:00,1632 days 00:00:00,1632 days 00:00:00,1632 days 00:00:00,1632 days 00:00:00,1632 days 00:00:00,1632 days 00:00:00,1632 days 00:00:00,1632 days 00:00:00,1632 days 00:00:00,1632 days 00:00:00,1632 days 00:00:00,1632 days 00:00:00,1632 days 00:00:00,1632 days 00:00:00,1632 days 00:00:00,1632 days 00:00:00,1632 days 00:00:00,1632 days 00:00:00,1632 days 00:00:00,1632 days 00:00:00,1632 days 00:00:00,1632 days 00:00:00
99.82238010657194,51.15452930728242,51.15452930728242,75.75488454706927,98.84547069271758,51.15452930728242,51.15452930728242,68.29484902309059,97.69094138543517,99.82238010657194,50.88809946714032,50.88809946714032,74.06749555950266,50.88809946714032,50.88809946714032,50.710479573712256,51.15452930728242,95.82593250444049,53.37477797513321,51.15452930728242,50.88809946714032,51.15452930728242,75.22202486678508,51.59857904085258,50.88809946714032,50.88809946714032,74.06749555950266,50.88809946714032,50.799289520426285,50.62166962699822
5633.727220947271,8071.2576815032935,26462.44633351135,14567.47926344108,23308.843409919737,7518.759004959105,7172.101494132997,9656.827209800722,4596.940023384095,548.2414181060681,10711.065330543517,14997.237052936553,2403.485029090881,7926.30289994812,15037.59813419342,12306.106944091796,6509.356064865113,63393.37518488907,4347.334152633665,18997.849401962285,11181.373945556641,7998.057852722167,10662.99452466583,11422.799399429323,11520.540539489748,19025.939125305176,11733.927306968693,11918.077623550416,11642.21417327881,14826.591740844728
10327.776166107178,11060.187974685668,26462.44633351135,21794.163672956463,24208.988601081845,10782.536500946042,11279.431644737244,12769.669060379028,10153.59633706665,10821.947432556155,14839.065971412658,16248.596992511748,12578.778966812133,13075.71202558899,16229.849091682434,17479.66663647461,11266.39016810608,69526.01390552067,12775.946856277465,25258.90800862122,14224.814253173829,13060.738211608885,12238.233128540036,11476.919699722292,14851.260967956545,19167.86856866455,16897.471062004093,15677.448396865846,12108.264054260257,19564.191350219728
-43.66272779052729,-19.287423184967064,164.62446333511352,45.67479263441081,133.08843409919737,-24.812409950408945,-28.27898505867003,-3.431727901992781,-54.03059976615905,-94.51758581893932,7.1106533054351715,49.97237052936553,-75.96514970909118,-20.736971000518796,50.37598134193421,23.061069440917965,-34.90643935134887,533.9337518488907,-56.526658473663346,89.97849401962284,11.813739455566411,-20.019421472778333,6.629945246658299,14.227993994293229,15.20540539489748,90.25939125305176,17.339273069686932,19.18077623550416,16.422141732788095,48.26591740844728
26.88075654797762,26.516481052501618,10.995473929553977,4.668302154327623,-46.8984260382926,-8.798291775547867,-33.08005191715202,-24.380239060731395,-19.87951876446095,-53.16243097986949,26.19392850340756,70.12926469860457,103.31070718028535,19.779392104217266,-2.5409569801371736,61.511004613672746,62.2371261863431,-75.54744473148456,44.31945209349412,60.09920634620284,18.478685492062073,185.42918343176288,0.14338323486642698,75.71599458750072,117.35957248917614,117.0219924849302,-5.320816213887767,-36.46981272739488,25.339233427317676,147.2790146784899
-12.051621290779735,-4.682346114852887,24.33260763468659,8.784145512954566,20.8513565670023,-6.183034917849395,-7.168895763979599,-0.7784662226229644,-15.96500740804565,-47.78677070531441,1.5492178974355397,9.49429879819288,-27.31719988005995,-5.068158120325716,9.560178567859934,4.7536357741784,-9.161571567442618,51.181369097697996,-17.00844021842398,15.444793393250379,2.5305462581222127,-4.876496609942816,1.4470427518016304,3.021900733970684,3.218535010233037,15.482972912542259,3.6433651478165796,4.005194603281104,3.461515147711691,9.21423089640876
24.14233562963295,18.170242383333736,38.556705899764445,44.494232184978344,56.57108136573201,23.863412617880016,36.97887034218742,22.46593069356592,23.060035257965346,25.95044510776828,32.836302248235334,36.56367813587818,34.13789233450207,15.547393776661004,42.21457519601925,26.22588952393659,20.22406771258824,88.15324461399794,32.91854022617952,36.80468548373613,22.45427223015002,25.986734859027937,17.085653547341188,20.104993850073726,25.420859544970355,28.305763048366167,35.36502556575008,30.55031440487695,17.457310605689702,19.95588328799207
0.0,0.0,0.6310862680526669,0.19742211701588086,0.36858684797269986,0.0,0.0,0.0,0.0,0.0,0.04718003524647166,0.25966476247028825,0.0,0.0,0.22646629803730536,0.18125737050175997,0.0,0.5805954088452333,0.0,0.4196420425892617,0.11269776335589148,0.0,0.08469343872577906,0.1503059765402317,0.12660999934086967,0.5469901265719791,0.10302170264355937,0.13110158377426478,0.19828455974103543,0.4617300453923371
0.0,0.0,1.2000965726896142,0.3504859885773403,0.7272955830718729,0.0,0.0,0.0,0.0,0.0,0.07220293478367809,0.4145581159919463,0.0,0.0,0.36199885761050626,0.2588080053650148,0.0,1.6663660503221063,0.0,0.7536256040099569,0.17318290796522093,0.0,0.12229624503161625,0.22510453327428093,0.1846302701194813,1.0001573717046115,0.15371976788194683,0.20063554167991818,0.307643467783921,0.7605873061728614
0.0,0.0,0.5481806501583472,0.16903397338166898,0.49801076351368695,0.0,0.0,0.0,0.0,0.0,0.034029715397635336,0.19759306135750374,0.0,0.0,0.16280213731304838,0.12886748262875722,0.0,1.207256311137986,0.0,0.3635068272324381,0.0539031902977726,0.0,0.08177981692149999,0.13264173311004482,0.0981247602190392,0.4732233465049053,0.10446168027853722,0.0833989533664976,0.1254951667124359,0.3805069893321552
-54.38393987216001,-27.309034352954964,-44.38793603469565,-51.96674572111295,-41.86928896854904,-35.644374497149855,-62.210121606779225,-37.99106946038846,-56.569345871729304,-94.96041508856358,-45.52544384615077,-48.049758088493356,-86.17755686398293,-40.60783500183862,-58.722684638205294,-36.88778330428571,-49.42075275647334,-42.394782802546146,-66.42402859486589,-42.488317236953776,-46.94613146537229,-41.11351270040162,-17.694375045992572,-22.782427996953235,-32.800436944237674,-32.71810874694824,-34.8775277029997,-48.02451879318237,-27.582856283569313,-24.21566792394817
-20.70830594946332,-9.27761653579151,-7.280762135621101,-10.349057627924447,-11.224279984410403,-7.555270774610856,-14.456022723985399,-4.317928945573699,-29.37789082023355,-26.91029601424761,-5.771049793717365,-6.280046476597232,-10.301275563247996,-8.408545617833118,-5.875056387372714,-4.930353835577818,-14.690843651601671,-9.39386654454108,-12.086815660226359,-6.220603243193517,-8.139175959739413,-10.253288667940149,-4.882742342806556,-8.74237730568689,-3.1368725702979634,-4.05332655549909,-6.905360316556836,-9.633040338932709,-5.518987210555423,-3.5752432052203895
1563 days 00:00:00,762 days 00:00:00,220 days 00:00:00,771 days 00:00:00,337 days 00:00:00,814 days 00:00:00,382 days 00:00:00,912 days 00:00:00,1575 days 00:00:00,1561 days 00:00:00,336 days 00:00:00,332 days 00:00:00,1030 days 00:00:00,786 days 00:00:00,371 days 00:00:00,210 days 00:00:00,786 days 00:00:00,733 days 00:00:00,432 days 00:00:00,137 days 00:00:00,786 days 00:00:00,423 days 00:00:00,472 days 00:00:00,397 days 00:00:00,401 days 00:00:00,273 days 00:00:00,404 days 00:00:00,491 days 00:00:00,251 days 00:00:00,204 days 00:00:00
543 days 00:00:00,139 days 00:00:00,28 days 00:00:00,72 days 00:00:00,66 days 00:00:00,166 days 00:00:00,103 days 00:00:00,68 days 00:00:00,795 days 00:00:00,406 days 00:00:00,30 days 00:00:00,31 days 00:00:00,109 days 00:00:00,117 days 00:00:00,28 days 00:00:00,28 days 00:00:00,167 days 00:00:00,51 days 00:00:00,61 days 00:00:00,26 days 00:00:00,102 days 00:00:00,59 days 00:00:00,55 days 00:00:00,105 days 00:00:00,24 days 00:00:00,23 days 00:00:00,48 days 00:00:00,63 days 00:00:00,54 days 00:00:00,19 days 00:00:00
331,11,11,29,81,9,8,17,89,1109,7,5,8,6,3,4,9,25,16,4,2,10,12,6,4,3,17,3,3,6
44.10876132930513,36.36363636363637,45.45454545454545,44.827586206896555,51.85185185185185,55.55555555555556,50.0,52.94117647058824,47.19101123595505,44.2741208295762,28.57142857142857,40.0,0.0,50.0,66.66666666666666,75.0,44.44444444444444,64.0,56.25,50.0,100.0,50.0,50.0,50.0,75.0,33.33333333333333,47.05882352941176,33.33333333333333,33.33333333333333,66.66666666666666
15.928945832607466,9.099434007109908,158.7593908175245,173.5019052980883,44.88029895708527,2.7724429655818117,12.483323586126026,22.042730963742585,25.045761470519334,24.992571062818115,13.249129725528341,63.3753820898761,-0.592360751802512,12.75986437147061,31.04149436530188,22.29826942542228,3.5906995496724825,128.2472028592122,12.222321402035519,74.66104136250821,11.765452464451364,15.935559512524144,6.191235213836954,26.25099093407539,17.755214015990873,98.00007816402707,25.978810436143938,22.697432153218,18.54611661233281,65.45778053191613
-15.119286279693311,-14.029479688997704,-10.64616717862723,-31.473141389360325,-18.442075831089433,-16.81489097257969,-26.72610442061185,-17.062520140105907,-21.5138817230661,-28.153919156269936,-5.583651560843538,-5.356124324273082,-66.95016577634732,-18.63081640332016,-2.837254009602397,-1.8096262648477968,-34.531217179411875,-22.821026838230285,-64.21442528155825,-3.1442954614275043,0.16920469544495775,-34.31822069613788,-8.051392455333762,-6.93548793174017,-2.7813016415223824,-2.6261022866383765,-24.4034717830666,-2.2390296991984027,-1.3233107828305335,-10.17944288222623
-0.17495028461635975,-1.9299012226350332,9.245364115879617,1.3068373081282836,1.061082266954494,-3.1362311643360674,-4.069037555816124,-0.20605643790096995,-0.8737521754560884,-0.2788883722140256,0.9895859392602624,8.443232157091419,-16.394965083700107,-3.8186245713028977,14.619977629553427,5.320967190914261,-4.720210479229648,7.66704717376594,-5.136385282282352,17.44261593443712,5.808584178178333,-2.221155256799645,0.5368915244038375,2.2492319856399545,3.644379599745573,24.172946945256356,0.947389187019354,6.052971946263952,5.201648007896331,6.863891325447957
142 days 00:00:00,586 days 00:00:00,586 days 00:00:00,482 days 00:00:00,244 days 00:00:00,736 days 00:00:00,586 days 00:00:00,403 days 00:00:00,204 days 00:00:00,6 days 00:00:00,812 days 00:00:00,783 days 00:00:00,680 days 00:00:00,275 days 00:00:00,812 days 00:00:00,812 days 00:00:00,736 days 00:00:00,782 days 00:00:00,580 days 00:00:00,782 days 00:00:00,825 days 00:00:00,586 days 00:00:00,623 days 00:00:00,810 days 00:00:00,812 days 00:00:00,824 days 00:00:00,637 days 00:00:00,824 days 00:00:00,824 days 00:00:00,700 days 00:00:00
5 days 00:00:00,76 days 00:00:00,76 days 00:00:00,43 days 00:00:00,20 days 00:00:00,93 days 00:00:00,104 days 00:00:00,66 days 00:00:00,18 days 00:00:00,2 days 00:00:00,119 days 00:00:00,166 days 00:00:00,151 days 00:00:00,138 days 00:00:00,276 days 00:00:00,207 days 00:00:00,93 days 00:00:00,63 days 00:00:00,55 days 00:00:00,208 days 00:00:00,414 days 00:00:00,84 days 00:00:00,103 days 00:00:00,140 days 00:00:00,207 days 00:00:00,276 days 00:00:00,71 days 00:00:00,276 days 00:00:00,276 days 00:00:00,138 days 00:00:00
0.8634329904211634,0.3590265070430299,7.57134957509338,2.04601144872926,1.5787758934937155,0.21566112535682327,0.4365696213115787,1.0438318937760547,0.6964694791799353,0.8037803586568714,1.8811167248731704,7.537252061284378,0.0,0.5831895738365666,17.37979040002972,13.682689239333351,0.14351871801880972,4.4673256663243395,0.44432418783832467,22.529323077833066,,0.6574097447166952,1.6059401296487497,2.4998091988911244,6.6707730029899315,29.51222564134417,1.6023951309813953,8.113308233088475,10.357349186642278,3.823327716823913
-0.13089323061380873,-1.7620098606363548,14.916757080076215,4.428692639658584,1.5497447875670394,-2.9128914204206007,-3.2732473460325986,0.09857693043723369,-0.6829088398787609,-0.22261424671080596,1.1352835076336427,10.997611929755955,-12.247875541335844,-3.0689077773971323,15.491208662977055,5.73773188910004,-3.9496029587589083,10.857139112998748,-2.7674647018690406,21.018450801311936,5.967328579948161,-1.33183541043986,0.5964933416140257,2.7651521500263803,3.9430325654791765,31.559805930819213,1.4207821666224107,6.6332921321784255,5.585164249735523,9.386558457681165
-1.1704462531481117,-0.9933940705263763,1.0043775752094466,0.3488298971238646,1.1908778683433032,-1.2768004429519677,-0.8727366007023026,-0.0967222916181548,-1.1933157538885502,-2.841018036661077,0.4696027958313387,0.8121977918443399,-1.4754768804376985,-0.6353789731216738,1.5157317054953934,1.0256306837704536,-1.0252414808810695,1.3999714170983888,-0.700421907749389,1.0814087509014785,1.0292922889784941,-0.4237532337707199,0.4832435975167876,0.5385244508917797,0.8400372271464466,0.9484040591229627,0.32080514398106696,0.8197845272536142,0.8605790951243308,0.677375219676845
ModelStrategy_Inst,ModelStrategy_Inst,ModelStrategy_Inst,ModelStrategy_Inst,ModelStrategy_Inst,ModelStrategy_Inst,ModelStrategy_Inst,ModelStrategy_Inst,ModelStrategy_Inst,ModelStrategy_Inst,ModelStrategy_Inst,ModelStrategy_Inst,ModelStrategy_Inst,ModelStrategy_Inst,ModelStrategy_Inst,ModelStrategy_Inst,ModelStrategy_Inst,ModelStrategy_Inst,ModelStrategy_Inst,ModelStrategy_Inst,ModelStrategy_Inst,ModelStrategy_Inst,ModelStrategy_Inst,ModelStrategy_Inst,ModelStrategy_Inst,ModelStrategy_Inst,ModelStrategy_Inst,ModelStrategy_Inst,ModelStrategy_Inst,ModelStrategy_Inst
"                  Equity  DrawdownPct DrawdownDuration
Date                                                  
2017-11-28  10000.000000     0.000000              NaT
2017-11-29  10000.000000     0.000000              NaT
2017-11-30  10008.270308     0.000000              NaT
2017-12-01  10030.948405     0.000000              NaT
2017-12-04   9905.084914     0.012548              NaT
...                  ...          ...              ...
2022-05-12   5637.839333     0.454109              NaT
2022-05-13   5665.999306     0.451382              NaT
2022-05-16   5624.639199     0.455387              NaT
2022-05-17   5613.354288     0.456480              NaT
2022-05-18   5633.727221     0.454507        1563 days

[1126 rows x 3 columns]","                  Equity  DrawdownPct DrawdownDuration
Date                                                  
2017-11-28  10000.000000     0.000000              NaT
2017-11-29  10000.000000     0.000000              NaT
2017-11-30  10000.000000     0.000000              NaT
2017-12-01  10000.000000     0.000000              NaT
2017-12-04  10000.000000     0.000000              NaT
...                  ...          ...              ...
2022-05-12   9296.607730     0.159453              NaT
2022-05-13   9332.517470     0.156206              NaT
2022-05-16   9342.597460     0.155295              NaT
2022-05-17   8280.417662     0.251331              NaT
2022-05-18   8071.257682     0.270242         762 days

[1126 rows x 3 columns]","                  Equity  DrawdownPct DrawdownDuration
Date                                                  
2017-11-28  10000.000000     0.000000              NaT
2017-11-29  10000.000000     0.000000              NaT
2017-11-30  10000.000000     0.000000              NaT
2017-12-01  10000.000000     0.000000              NaT
2017-12-04  10000.000000     0.000000              NaT
...                  ...          ...              ...
2022-05-12  24686.386595     0.058877              NaT
2022-05-13  25418.545897     0.030965              NaT
2022-05-16  26016.284850     0.008177              NaT
2022-05-17  26348.045897     0.000000          13 days
2022-05-18  26462.446334     0.000000              NaT

[1126 rows x 3 columns]","                  Equity  DrawdownPct DrawdownDuration
Date                                                  
2017-11-28  10000.000000     0.000000              NaT
2017-11-29  10000.000000     0.000000              NaT
2017-11-30  10000.000000     0.000000              NaT
2017-12-01  10000.000000     0.000000              NaT
2017-12-04  10000.000000     0.000000              NaT
...                  ...          ...              ...
2022-05-12  13677.288802     0.372433              NaT
2022-05-13  14842.229263     0.318981              NaT
2022-05-16  14347.679473     0.341673              NaT
2022-05-17  14875.198970     0.317469              NaT
2022-05-18  14567.479263     0.331588         124 days

[1126 rows x 3 columns]","                  Equity  DrawdownPct DrawdownDuration
Date                                                  
2017-11-28  10000.000000     0.000000              NaT
2017-11-29  10000.000000     0.000000              NaT
2017-11-30  10000.000000     0.000000              NaT
2017-12-01  10000.000000     0.000000              NaT
2017-12-04  10000.000000     0.000000              NaT
...                  ...          ...              ...
2022-05-12  24022.158183     0.007717              NaT
2022-05-13  23628.479560     0.023979              NaT
2022-05-16  23721.895450     0.020120              NaT
2022-05-17  23328.216827     0.036382              NaT
2022-05-18  23308.843410     0.037182           7 days

[1126 rows x 3 columns]","                  Equity  DrawdownPct DrawdownDuration
Date                                                  
2017-11-28  10000.000000     0.000000              NaT
2017-11-29  10000.000000     0.000000              NaT
2017-11-30  10000.000000     0.000000              NaT
2017-12-01  10000.000000     0.000000              NaT
2017-12-04  10000.000000     0.000000              NaT
...                  ...          ...              ...
2022-05-12   7842.159945     0.272698              NaT
2022-05-13   7788.259005     0.277697              NaT
2022-05-16   7678.149569     0.287909              NaT
2022-05-17   7420.969851     0.311760              NaT
2022-05-18   7518.759005     0.302691         814 days

[1126 rows x 3 columns]","                  Equity  DrawdownPct DrawdownDuration
Date                                                  
2017-11-28  10000.000000     0.000000              NaT
2017-11-29  10000.000000     0.000000              NaT
2017-11-30  10000.000000     0.000000              NaT
2017-12-01  10000.000000     0.000000              NaT
2017-12-04  10000.000000     0.000000              NaT
...                  ...          ...              ...
2022-05-12   6584.131752     0.416271              NaT
2022-05-13   6736.411473     0.402770              NaT
2022-05-16   6711.031430     0.405020              NaT
2022-05-17   7217.221451     0.360143              NaT
2022-05-18   7172.101494     0.364143         350 days

[1126 rows x 3 columns]","                  Equity  DrawdownPct DrawdownDuration
Date                                                  
2017-11-28  10000.000000     0.000000              NaT
2017-11-29  10000.000000     0.000000              NaT
2017-11-30  10000.000000     0.000000              NaT
2017-12-01  10000.000000     0.000000              NaT
2017-12-04  10000.000000     0.000000              NaT
...                  ...          ...              ...
2022-05-12   9285.526780     0.272845              NaT
2022-05-13   9341.927174     0.268428              NaT
2022-05-16   9548.727425     0.252234              NaT
2022-05-17   9685.026959     0.241560              NaT
2022-05-18   9656.827210     0.243768         912 days

[1126 rows x 3 columns]","                  Equity  DrawdownPct DrawdownDuration
Date                                                  
2017-11-28  10000.000000     0.000000              NaT
2017-11-29  10000.000000     0.000000              NaT
2017-11-30  10000.000000     0.000000              NaT
2017-12-01  10000.000000     0.000000              NaT
2017-12-04  10000.000000     0.000000              NaT
...                  ...          ...              ...
2022-05-12   4460.773177     0.560671              NaT
2022-05-13   4534.723410     0.553387              NaT
2022-05-16   4594.223475     0.547527              NaT
2022-05-17   4590.139868     0.547930              NaT
2022-05-18   4596.940023     0.547260        1575 days

[1126 rows x 3 columns]","                  Equity  DrawdownPct DrawdownDuration
Date                                                  
2017-11-28  10000.000000     0.000000              NaT
2017-11-29  10000.000000     0.000000              NaT
2017-11-30  10228.605908     0.000000              NaT
2017-12-01  10013.505803     0.021029              NaT
2017-12-04  10230.862151     0.000000           4 days
...                  ...          ...              ...
2022-05-12    558.558421     0.948387              NaT
2022-05-13    559.078539     0.948338              NaT
2022-05-16    545.462164     0.949597              NaT
2022-05-17    576.446884     0.946734              NaT
2022-05-18    548.241418     0.949340        1561 days

[1126 rows x 3 columns]","                  Equity  DrawdownPct DrawdownDuration
Date                                                  
2017-11-28  10000.000000     0.000000              NaT
2017-11-29  10000.000000     0.000000              NaT
2017-11-30  10000.000000     0.000000              NaT
2017-12-01  10000.000000     0.000000              NaT
2017-12-04  10000.000000     0.000000              NaT
...                  ...          ...              ...
2022-05-12  10546.065559     0.289304              NaT
2022-05-13  10576.065102     0.287282              NaT
2022-05-16  10468.066063     0.294560              NaT
2022-05-17  10822.066155     0.270704              NaT
2022-05-18  10711.065331     0.278185          99 days

[1126 rows x 3 columns]","                  Equity  DrawdownPct DrawdownDuration
Date                                                  
2017-11-28  10000.000000     0.000000              NaT
2017-11-29  10000.000000     0.000000              NaT
2017-11-30  10000.000000     0.000000              NaT
2017-12-01  10000.000000     0.000000              NaT
2017-12-04  10000.000000     0.000000              NaT
...                  ...          ...              ...
2022-05-12  16248.596993     0.000000              NaT
2022-05-13  15876.357536     0.022909              NaT
2022-05-16  15587.277718     0.040700              NaT
2022-05-17  14751.717476     0.092124              NaT
2022-05-18  14997.237053     0.077013           6 days

[1126 rows x 3 columns]","                  Equity  DrawdownPct DrawdownDuration
Date                                                  
2017-11-28  10000.000000     0.000000              NaT
2017-11-29  10000.000000     0.000000              NaT
2017-11-30  10000.000000     0.000000              NaT
2017-12-01  10000.000000     0.000000              NaT
2017-12-04  10000.000000     0.000000              NaT
...                  ...          ...              ...
2022-05-12   2624.285139     0.791372              NaT
2022-05-13   2584.445051     0.794539              NaT
2022-05-16   2575.325117     0.795264              NaT
2022-05-17   2480.765058     0.802782              NaT
2022-05-18   2403.485029     0.808925        1030 days

[1126 rows x 3 columns]","                  Equity  DrawdownPct DrawdownDuration
Date                                                  
2017-11-28  10000.000000     0.000000              NaT
2017-11-29  10000.000000     0.000000              NaT
2017-11-30  10000.000000     0.000000              NaT
2017-12-01  10000.000000     0.000000              NaT
2017-12-04  10000.000000     0.000000              NaT
...                  ...          ...              ...
2022-05-12   7993.542875     0.388672              NaT
2022-05-13   8128.843000     0.378325              NaT
2022-05-16   8121.463300     0.378889              NaT
2022-05-17   8247.743375     0.369232              NaT
2022-05-18   7926.302900     0.393815         786 days

[1126 rows x 3 columns]","                  Equity  DrawdownPct DrawdownDuration
Date                                                  
2017-11-28  10000.000000     0.000000              NaT
2017-11-29  10000.000000     0.000000              NaT
2017-11-30  10000.000000     0.000000              NaT
2017-12-01  10000.000000     0.000000              NaT
2017-12-04  10000.000000     0.000000              NaT
...                  ...          ...              ...
2022-05-12  14706.278211     0.093875              NaT
2022-05-13  14743.928594     0.091555              NaT
2022-05-16  14764.008096     0.090318              NaT
2022-05-17  15175.647943     0.064954              NaT
2022-05-18  15037.598134     0.073460          54 days

[1126 rows x 3 columns]","                  Equity  DrawdownPct DrawdownDuration
Date                                                  
2017-11-28  10000.000000     0.000000              NaT
2017-11-29  10000.000000     0.000000              NaT
2017-11-30  10000.000000     0.000000              NaT
2017-12-01  10000.000000     0.000000              NaT
2017-12-04  10000.000000     0.000000              NaT
...                  ...          ...              ...
2022-05-12  12167.087047     0.303929              NaT
2022-05-13  12433.366893     0.288695              NaT
2022-05-16  12431.686534     0.288792              NaT
2022-05-17  12640.007457     0.276874              NaT
2022-05-18  12306.106944     0.295976         162 days

[1126 rows x 3 columns]","                  Equity  DrawdownPct DrawdownDuration
Date                                                  
2017-11-28  10000.000000     0.000000              NaT
2017-11-29  10000.000000     0.000000              NaT
2017-11-30  10000.000000     0.000000              NaT
2017-12-01  10000.000000     0.000000              NaT
2017-12-04  10000.000000     0.000000              NaT
...                  ...          ...              ...
2022-05-12   6737.155442     0.402013              NaT
2022-05-13   6598.606324     0.414311              NaT
2022-05-16   6471.106324     0.425627              NaT
2022-05-17   6508.506532     0.422308              NaT
2022-05-18   6509.356065     0.422232         786 days

[1126 rows x 3 columns]","                  Equity  DrawdownPct DrawdownDuration
Date                                                  
2017-11-28  10000.000000     0.000000              NaT
2017-11-29  10000.000000     0.000000              NaT
2017-11-30  10000.000000     0.000000              NaT
2017-12-01  10000.000000     0.000000              NaT
2017-12-04  10000.000000     0.000000              NaT
...                  ...          ...              ...
2022-05-12  69526.013906     0.000000              NaT
2022-05-13  61860.216647     0.110258              NaT
2022-05-16  62626.795916     0.099232              NaT
2022-05-17  64159.954454     0.077181              NaT
2022-05-18  63393.375185     0.088206           6 days

[1126 rows x 3 columns]","                  Equity  DrawdownPct DrawdownDuration
Date                                                  
2017-11-28  10000.000000     0.000000              NaT
2017-11-29  10000.000000     0.000000              NaT
2017-11-30  10000.000000     0.000000              NaT
2017-12-01  10000.000000     0.000000              NaT
2017-12-04  10000.000000     0.000000              NaT
...                  ...          ...              ...
2022-05-12   4582.583863     0.641312              NaT
2022-05-13   4503.584153     0.647495              NaT
2022-05-16   4375.084168     0.657553              NaT
2022-05-17   4349.584061     0.659549              NaT
2022-05-18   4347.334153     0.659725         432 days

[1126 rows x 3 columns]","                  Equity  DrawdownPct DrawdownDuration
Date                                                  
2017-11-28  10000.000000     0.000000              NaT
2017-11-29  10000.000000     0.000000              NaT
2017-11-30  10000.000000     0.000000              NaT
2017-12-01  10000.000000     0.000000              NaT
2017-12-04  10000.000000     0.000000              NaT
...                  ...          ...              ...
2022-05-12  18233.238204     0.278146              NaT
2022-05-13  18683.689261     0.260313              NaT
2022-05-16  18535.849402     0.266166              NaT
2022-05-17  19235.779120     0.238456              NaT
2022-05-18  18997.849402     0.247875          98 days

[1126 rows x 3 columns]","                  Equity  DrawdownPct DrawdownDuration
Date                                                  
2017-11-28  10000.000000     0.000000              NaT
2017-11-29  10000.000000     0.000000              NaT
2017-11-30  10000.000000     0.000000              NaT
2017-12-01  10000.000000     0.000000              NaT
2017-12-04  10000.000000     0.000000              NaT
...                  ...          ...              ...
2022-05-12  11416.094099     0.197452              NaT
2022-05-13  11340.494429     0.202767              NaT
2022-05-16  11400.254011     0.198566              NaT
2022-05-17  11118.014143     0.218407              NaT
2022-05-18  11181.373946     0.213953         786 days

[1126 rows x 3 columns]","                  Equity  DrawdownPct DrawdownDuration
Date                                                  
2017-11-28  10000.000000     0.000000              NaT
2017-11-29  10000.000000     0.000000              NaT
2017-11-30  10000.000000     0.000000              NaT
2017-12-01  10000.000000     0.000000              NaT
2017-12-04  10000.000000     0.000000              NaT
...                  ...          ...              ...
2022-05-12  10653.857703     0.184284              NaT
2022-05-13  10774.397284     0.175054              NaT
2022-05-16  10750.877494     0.176855              NaT
2022-05-17  10556.347434     0.191750              NaT
2022-05-18   7998.057853     0.387626         183 days

[1126 rows x 3 columns]","                  Equity  DrawdownPct DrawdownDuration
Date                                                  
2017-11-28  10000.000000     0.000000              NaT
2017-11-29  10000.000000     0.000000              NaT
2017-11-30  10000.000000     0.000000              NaT
2017-12-01  10000.000000     0.000000              NaT
2017-12-04  10000.000000     0.000000              NaT
...                  ...          ...              ...
2022-05-12  10469.864657     0.144495              NaT
2022-05-13  10495.904425     0.142368              NaT
2022-05-16  10682.524558     0.127119              NaT
2022-05-17  10660.824061     0.128892              NaT
2022-05-18  10662.994525     0.128715         168 days

[1126 rows x 3 columns]","                  Equity  DrawdownPct DrawdownDuration
Date                                                  
2017-11-28  10000.000000     0.000000              NaT
2017-11-29  10000.000000     0.000000              NaT
2017-11-30  10000.000000     0.000000              NaT
2017-12-01  10000.000000     0.000000              NaT
2017-12-04  10000.000000     0.000000              NaT
...                  ...          ...              ...
2022-05-12  11210.009925     0.000000         189 days
2022-05-13  11158.350150     0.004608              NaT
2022-05-16  11393.279662     0.000000           4 days
2022-05-17  11476.919700     0.000000              NaT
2022-05-18  11422.799399     0.004716              NaT

[1126 rows x 3 columns]","                  Equity  DrawdownPct DrawdownDuration
Date                                                  
2017-11-28  10000.000000     0.000000              NaT
2017-11-29  10000.000000     0.000000              NaT
2017-11-30  10000.000000     0.000000              NaT
2017-12-01  10000.000000     0.000000              NaT
2017-12-04  10000.000000     0.000000              NaT
...                  ...          ...              ...
2022-05-12  11007.000012     0.258851              NaT
2022-05-13  11749.500012     0.208855              NaT
2022-05-16  11436.840375     0.229908              NaT
2022-05-17  11646.900342     0.215764              NaT
2022-05-18  11520.540539     0.224272         140 days

[1126 rows x 3 columns]","                  Equity  DrawdownPct DrawdownDuration
Date                                                  
2017-11-28  10000.000000     0.000000              NaT
2017-11-29  10000.000000     0.000000              NaT
2017-11-30  10000.000000     0.000000              NaT
2017-12-01  10000.000000     0.000000              NaT
2017-12-04  10000.000000     0.000000              NaT
...                  ...          ...              ...
2022-05-12  18485.009682     0.035625              NaT
2022-05-13  18612.118569     0.028994              NaT
2022-05-16  18816.748360     0.018318              NaT
2022-05-17  19120.559334     0.002468              NaT
2022-05-18  19025.939125     0.007405          12 days

[1126 rows x 3 columns]","                  Equity  DrawdownPct DrawdownDuration
Date                                                  
2017-11-28  10000.000000     0.000000              NaT
2017-11-29  10000.000000     0.000000              NaT
2017-11-30  10000.000000     0.000000              NaT
2017-12-01  10000.000000     0.000000              NaT
2017-12-04  10000.000000     0.000000              NaT
...                  ...          ...              ...
2022-05-12  11430.687469     0.323527              NaT
2022-05-13  11632.847023     0.311563              NaT
2022-05-16  11494.527916     0.319749              NaT
2022-05-17  11845.647835     0.298969              NaT
2022-05-18  11733.927307     0.305581         404 days

[1126 rows x 3 columns]","                  Equity  DrawdownPct DrawdownDuration
Date                                                  
2017-11-28  10000.000000     0.000000              NaT
2017-11-29  10000.000000     0.000000              NaT
2017-11-30  10000.000000     0.000000              NaT
2017-12-01  10000.000000     0.000000              NaT
2017-12-04  10000.000000     0.000000              NaT
...                  ...          ...              ...
2022-05-12  11494.538286     0.266811              NaT
2022-05-13  11655.628176     0.256535              NaT
2022-05-16  11653.817789     0.256651              NaT
2022-05-17  12066.498949     0.230328              NaT
2022-05-18  11918.077624     0.239795         491 days

[1126 rows x 3 columns]","                  Equity  DrawdownPct DrawdownDuration
Date                                                  
2017-11-28  10000.000000     0.000000              NaT
2017-11-29  10000.000000     0.000000              NaT
2017-11-30  10000.000000     0.000000              NaT
2017-12-01  10000.000000     0.000000              NaT
2017-12-04  10000.000000     0.000000              NaT
...                  ...          ...              ...
2022-05-12  11579.164094     0.043697              NaT
2022-05-13  11512.864808     0.049173              NaT
2022-05-16  11592.814530     0.042570              NaT
2022-05-17  11640.914887     0.038598              NaT
2022-05-18  11642.214173     0.038490          23 days

[1126 rows x 3 columns]","                  Equity  DrawdownPct DrawdownDuration
Date                                                  
2017-11-28  10000.000000     0.000000              NaT
2017-11-29  10000.000000     0.000000              NaT
2017-11-30  10000.000000     0.000000              NaT
2017-12-01  10000.000000     0.000000              NaT
2017-12-04  10000.000000     0.000000              NaT
...                  ...          ...              ...
2022-05-12  15664.351506     0.199336              NaT
2022-05-13  16019.231389     0.181196              NaT
2022-05-16  15931.551702     0.185678              NaT
2022-05-17  15801.631780     0.192319              NaT
2022-05-18  14826.591741     0.242157          41 days

[1126 rows x 3 columns]"
"     Size  EntryBar  ExitBar  EntryPrice   ExitPrice         PnL  ReturnPct  \
0      97         2        3  102.574743  103.099998   50.949805   0.005121   
1     -97         3        4  102.893798  103.910004  -98.571903  -0.009876   
2      95         4        6  104.117824  102.820000 -123.293278  -0.012465   
3      95         6        7  103.025640  102.330002  -66.085597  -0.006752   
4      95         7        8  102.534662  102.000000  -50.792874  -0.005214   
..    ...       ...      ...         ...         ...         ...        ...   
326    44      1105     1114  142.424279  128.660004 -605.628132  -0.096643   
327    44      1114     1118  128.917324  129.869995   41.917544   0.007390   
328    44      1118     1124  130.129735  128.229996  -83.588533  -0.014599   
329   -44      1124     1125  127.973536  128.490005  -22.724669  -0.004036   
330   -44      1125     1125  128.233025  128.490005  -11.307120  -0.002004   

     EntryTime   ExitTime Duration  
0   2017-11-30 2017-12-01   1 days  
1   2017-12-01 2017-12-04   3 days  
2   2017-12-04 2017-12-06   2 days  
3   2017-12-06 2017-12-07   1 days  
4   2017-12-07 2017-12-08   1 days  
..         ...        ...      ...  
326 2022-04-20 2022-05-03  13 days  
327 2022-05-03 2022-05-09   6 days  
328 2022-05-09 2022-05-17   8 days  
329 2022-05-17 2022-05-18   1 days  
330 2022-05-18 2022-05-18   0 days  

[331 rows x 10 columns]","    Size  EntryBar  ExitBar  EntryPrice  ExitPrice          PnL  ReturnPct  \
0   -257       550      553   38.865446  38.476665    99.916591   0.010003   
1   -263       553      554   38.399712  38.500000   -26.375700  -0.002612   
2    261       554      555   38.577000  38.616669    10.353531   0.001028   
3   -261       555      557   38.539435  39.490002  -248.097808  -0.024665   
4   -249       557      561   39.411022  39.153332    64.164790   0.006539   
5    252       561      562   39.231638  38.783333  -112.973010  -0.011427   
6    251       562      563   38.860899  38.233334  -157.519042  -0.016149   
7    251       563      570   38.309800  37.956669   -88.635982  -0.009218   
8    250       570      616   38.032582  41.493332   865.187429   0.090994   
9   -251       616      721   41.410345  47.220001 -1458.223650  -0.140295   
10   189       721     1125   47.314441  42.676666  -876.539468  -0.098020   

    EntryTime   ExitTime Duration  
0  2020-02-06 2020-02-11   5 days  
1  2020-02-11 2020-02-12   1 days  
2  2020-02-12 2020-02-13   1 days  
3  2020-02-13 2020-02-18   5 days  
4  2020-02-18 2020-02-24   6 days  
5  2020-02-24 2020-02-25   1 days  
6  2020-02-25 2020-02-26   1 days  
7  2020-02-26 2020-03-06   9 days  
8  2020-03-06 2020-05-12  67 days  
9  2020-05-12 2020-10-09 150 days  
10 2020-10-09 2022-05-18 586 days  ","    Size  EntryBar  ExitBar  EntryPrice  ExitPrice           PnL  ReturnPct  \
0   -159       550      552   62.804140  60.480000    369.538381   0.037006   
1   -171       552      553   60.359040  60.580002    -37.784551  -0.003661   
2   -170       553      555   60.458842  61.060001   -102.197123  -0.009943   
3   -167       555      557   60.937881  60.150002    131.575934   0.012929   
4   -172       557      561   60.029702  57.619999    414.468846   0.040142   
5    186       561      562   57.735239  56.750000   -183.254441  -0.017065   
6    186       562      563   56.863500  54.549999   -430.311142  -0.040685   
7    185       563      570   54.659099  48.840000  -1076.533330  -0.106462   
8    185       570      616   48.937680  45.419998   -650.771167  -0.071881   
9   -186       616      721   45.329158  35.680000   1794.743363   0.212869   
10   286       721     1125   35.751360  92.510002  16232.971564   1.587594   

    EntryTime   ExitTime Duration  
0  2020-02-06 2020-02-10   4 days  
1  2020-02-10 2020-02-11   1 days  
2  2020-02-11 2020-02-13   2 days  
3  2020-02-13 2020-02-18   5 days  
4  2020-02-18 2020-02-24   6 days  
5  2020-02-24 2020-02-25   1 days  
6  2020-02-25 2020-02-26   1 days  
7  2020-02-26 2020-03-06   9 days  
8  2020-03-06 2020-05-12  67 days  
9  2020-05-12 2020-10-09 150 days  
10 2020-10-09 2022-05-18 586 days  ","    Size  EntryBar  ExitBar  EntryPrice  ExitPrice           PnL  ReturnPct  \
0  -1276       273      357     7.83430      10.30  -3146.233565  -0.314731   
1    664       357      548    10.32060       9.08   -823.758578  -0.120206   
2   -665       548      550     9.06184       8.37    460.073625   0.076347   
3   -776       550      551     8.35326       8.21    111.169642   0.017150   
4    802       551      553     8.22642       8.10   -101.388565  -0.015368   
5   -804       553      554     8.08380       8.14    -45.184770  -0.006952   
6    791       554      555     8.15628       8.21     42.492278   0.006586   
7   -792       555      556     8.19358       8.27    -60.524972  -0.009327   
8    776       556      557     8.28654       8.12   -129.235485  -0.020098   
9   -778       557      558     8.10376       8.06     34.044865   0.005400   
10   785       558      560     8.07612       8.02    -44.054171  -0.006949   
11  -786       560      561     8.00396       7.70    238.913069   0.037976   
12   847       561      563     7.71540       7.30   -351.843477  -0.053840   
13   845       563      564     7.31460       7.13   -155.987065  -0.025237   
14  -847       564      567     7.11574       7.29   -147.598091  -0.024489   
15  -808       567      570     7.27542       6.60    545.739406   0.092836   
16   971       570      572     6.61320       6.26   -342.956885  -0.053408   
17   969       572      573     6.27252       6.06   -205.932158  -0.033881   
18   967       573      574     6.07212       5.38   -669.279874  -0.113983   
19  -970       574      576     5.36924       5.04    319.362948   0.061320   
20 -1098       576      578     5.02992       4.75    307.352118   0.055651   
21  1226       578      599     4.75950       5.17    503.273094   0.086249   
22  1223       599      616     5.18034       5.15    -37.105797  -0.005857   
23 -1226       616      626     5.13970       6.01  -1066.987964  -0.169329   
24   869       626      646     6.02202       6.06     33.004371   0.006307   
25   867       646      721     6.07212       7.36   1116.592125   0.212097   
26   865       721     1053     7.37472      20.17  11067.917150   1.735019   
27  -866      1053     1055    20.12966      17.73   2078.106022   0.119210   
28  1099      1055     1125    17.76546      13.25  -4962.490036  -0.254171   

    EntryTime   ExitTime Duration  
0  2018-12-31 2019-05-02 122 days  
1  2019-05-02 2020-02-04 278 days  
2  2020-02-04 2020-02-06   2 days  
3  2020-02-06 2020-02-07   1 days  
4  2020-02-07 2020-02-11   4 days  
5  2020-02-11 2020-02-12   1 days  
6  2020-02-12 2020-02-13   1 days  
7  2020-02-13 2020-02-14   1 days  
8  2020-02-14 2020-02-18   4 days  
9  2020-02-18 2020-02-19   1 days  
10 2020-02-19 2020-02-21   2 days  
11 2020-02-21 2020-02-24   3 days  
12 2020-02-24 2020-02-26   2 days  
13 2020-02-26 2020-02-27   1 days  
14 2020-02-27 2020-03-03   5 days  
15 2020-03-03 2020-03-06   3 days  
16 2020-03-06 2020-03-10   4 days  
17 2020-03-10 2020-03-11   1 days  
18 2020-03-11 2020-03-12   1 days  
19 2020-03-12 2020-03-16   4 days  
20 2020-03-16 2020-03-18   2 days  
21 2020-03-18 2020-04-17  30 days  
22 2020-04-17 2020-05-12  25 days  
23 2020-05-12 2020-05-27  15 days  
24 2020-05-27 2020-06-24  28 days  
25 2020-06-24 2020-10-09 107 days  
26 2020-10-09 2022-02-03 482 days  
27 2022-02-03 2022-02-07   4 days  
28 2022-02-07 2022-05-18 100 days  ","    Size  EntryBar  ExitBar  EntryPrice  ExitPrice          PnL  ReturnPct  \
0    117        13       58   85.379953  69.634117 -1842.262769  -0.184421   
1   -117        58      144   69.494849  64.506210   583.670712   0.071784   
2    135       144      207   64.635223  56.215290 -1136.690912  -0.130268   
3   -135       207      208   56.102859  53.914921   295.371722   0.038999   
4   -146       208      209   53.807091  54.490013   -99.706635  -0.012692   
..   ...       ...      ...         ...        ...          ...        ...   
76   314      1051     1053   59.304977  60.526089   383.429156   0.020590   
77  -314      1053     1054   60.405037  60.868748  -145.605309  -0.007677   
78  -310      1054     1091   60.747010  58.326839   750.252938   0.039840   
79  -336      1091     1104   58.210186  56.569931   551.125592   0.028178   
80  -357      1104     1125   56.456791  47.131226  3329.226913   0.165181   

    EntryTime   ExitTime Duration  
0  2017-12-15 2018-02-22  69 days  
1  2018-02-22 2018-06-26 124 days  
2  2018-06-26 2018-09-25  91 days  
3  2018-09-25 2018-09-26   1 days  
4  2018-09-26 2018-09-27   1 days  
..        ...        ...      ...  
76 2022-02-01 2022-02-03   2 days  
77 2022-02-03 2022-02-04   1 days  
78 2022-02-04 2022-03-30  54 days  
79 2022-03-30 2022-04-19  20 days  
80 2022-04-19 2022-05-18  29 days  

[81 rows x 10 columns]","   Size  EntryBar  ExitBar  EntryPrice   ExitPrice          PnL  ReturnPct  \
0   -66       550      553  149.623676  148.298279    87.476208   0.008858   
1   -68       553      554  148.001682  146.988525    68.894667   0.006846   
2    68       554      555  147.282502  147.581268    20.316079   0.002029   
3   -69       555      557  147.286106  143.202682   281.756206   0.027724   
4   -73       557      561  142.916277  139.110901   277.792466   0.026627   
5    77       561      563  139.389123  136.615677  -213.555327  -0.019897   
6    76       563      570  136.888908  121.128105 -1197.821033  -0.115136   
7    76       570      616  121.370361  117.600380  -286.518589  -0.031062   
8   -77       616     1125  117.365179  137.100006 -1519.581673  -0.168149   

   EntryTime   ExitTime Duration  
0 2020-02-06 2020-02-11   5 days  
1 2020-02-11 2020-02-12   1 days  
2 2020-02-12 2020-02-13   1 days  
3 2020-02-13 2020-02-18   5 days  
4 2020-02-18 2020-02-24   6 days  
5 2020-02-24 2020-02-26   2 days  
6 2020-02-26 2020-03-06   9 days  
7 2020-03-06 2020-05-12  67 days  
8 2020-05-12 2022-05-18 736 days  ","   Size  EntryBar  ExitBar  EntryPrice  ExitPrice          PnL  ReturnPct  \
0  -125       550      553   79.640403  78.750000   111.300381   0.011180   
1  -128       553      555   78.592500  78.889999   -38.079922  -0.003785   
2  -127       555      560   78.732219  77.559998   148.872173   0.014889   
3  -132       560      561   77.404878  73.379997   531.284201   0.051998   
4   146       561      570   73.526757  60.459999 -1907.746692  -0.177714   
5   146       570      616   60.580919  44.389999 -2363.874275  -0.267261   
6  -146       616      721   44.301219  45.009998  -103.481724  -0.015999   
7   141       721     1125   45.100018  50.730000   793.827353   0.124833   

   EntryTime   ExitTime Duration  
0 2020-02-06 2020-02-11   5 days  
1 2020-02-11 2020-02-13   2 days  
2 2020-02-13 2020-02-21   8 days  
3 2020-02-21 2020-02-24   3 days  
4 2020-02-24 2020-03-06  11 days  
5 2020-03-06 2020-05-12  67 days  
6 2020-05-12 2020-10-09 150 days  
7 2020-10-09 2022-05-18 586 days  ","    Size  EntryBar  ExitBar  EntryPrice  ExitPrice          PnL  ReturnPct  \
0    426       357      550   23.430453  28.595165  2200.167233   0.220427   
1   -427       550      553   28.537975  29.070997  -227.600529  -0.018678   
2   -412       553      554   29.012855  28.844412    69.398678   0.005806   
3    416       554      555   28.902101  28.610271  -121.400955  -0.010097   
4   -417       555      557   28.553051  28.836859  -118.347869  -0.009940   
5   -410       557      560   28.779185  29.093657  -128.933318  -0.010927   
6   -402       560      561   29.035469  28.693354   137.530461   0.011783   
7    410       561      562   28.750740  28.783989    13.631923   0.001156   
8    409       562      563   28.841557  28.089125  -307.744791  -0.026088   
9    409       563      567   28.145303  28.141994    -1.353157  -0.000118   
10  -410       567      572   28.085710  26.820242   518.842109   0.045057   
11   447       572      616   26.873882  22.288521 -2049.656635  -0.170625   
12  -448       616      721   22.243944  21.623867   277.794378   0.027876   
13   473       721      999   21.667115  18.723564 -1392.299444  -0.135853   
14   472       999     1103   18.761011  19.430000   315.762822   0.035658   
15   471      1103     1104   19.468860  19.490000     9.956688   0.001086   
16   470      1104     1125   19.528980  20.510000   461.079615   0.050234   

    EntryTime   ExitTime Duration  
0  2019-05-02 2020-02-06 280 days  
1  2020-02-06 2020-02-11   5 days  
2  2020-02-11 2020-02-12   1 days  
3  2020-02-12 2020-02-13   1 days  
4  2020-02-13 2020-02-18   5 days  
5  2020-02-18 2020-02-21   3 days  
6  2020-02-21 2020-02-24   3 days  
7  2020-02-24 2020-02-25   1 days  
8  2020-02-25 2020-02-26   1 days  
9  2020-02-26 2020-03-03   6 days  
10 2020-03-03 2020-03-10   7 days  
11 2020-03-10 2020-05-12  63 days  
12 2020-05-12 2020-10-09 150 days  
13 2020-10-09 2021-11-16 403 days  
14 2021-11-16 2022-04-18 153 days  
15 2022-04-18 2022-04-19   1 days  
16 2022-04-19 2022-05-18  29 days  ","    Size  EntryBar  ExitBar  EntryPrice  ExitPrice          PnL  ReturnPct  \
0    141        26       59   70.470662  63.720001  -951.843147  -0.095794   
1    141        59      145   63.847441  56.169998 -1082.519471  -0.120247   
2   -142       145      207   56.057658  61.599998  -787.012323  -0.098869   
3   -116       207      208   61.476798  61.029999    51.828765   0.007268   
4    118       208      235   61.152059  63.599998   288.856884   0.040030   
..   ...       ...      ...         ...        ...          ...        ...   
84   -98      1076     1091   51.446899  51.709999   -25.783785  -0.005114   
85   -97      1091     1097   51.606579  53.720001  -205.001947  -0.040953   
86   -89      1097     1103   53.612561  54.910000  -115.472038  -0.024200   
87    85      1103     1124   55.019820  54.020000   -84.984648  -0.018172   
88   -85      1124     1125   53.911960  54.160000   -21.083348  -0.004601   

    EntryTime   ExitTime Duration  
0  2018-01-05 2018-02-23  49 days  
1  2018-02-23 2018-06-27 124 days  
2  2018-06-27 2018-09-25  90 days  
3  2018-09-25 2018-09-26   1 days  
4  2018-09-26 2018-11-02  37 days  
..        ...        ...      ...  
84 2022-03-09 2022-03-30  21 days  
85 2022-03-30 2022-04-07   8 days  
86 2022-04-07 2022-04-18  11 days  
87 2022-04-18 2022-05-17  29 days  
88 2022-05-17 2022-05-18   1 days  

[89 rows x 10 columns]","      Size  EntryBar  ExitBar  EntryPrice   ExitPrice         PnL  ReturnPct  \
0       36         2        3  270.449824  277.510010  254.166699   0.026105   
1       36         3        4  278.065030  276.160004  -68.580940  -0.006851   
2       36         4        7  276.712324  282.809998  219.516260   0.022036   
3       36         7        9  283.375618  286.209991  102.037460   0.010002   
4      -36         9       11  285.637571  290.500000 -175.047427  -0.017023   
...    ...       ...      ...         ...         ...         ...        ...   
1104    -4      1121     1122  126.636219  124.980003    6.624864   0.013079   
1105     4      1122     1123  125.229963  127.050003    7.280159   0.014534   
1106     4      1123     1124  127.304103  126.910004   -1.576398  -0.003096   
1107     4      1124     1125  127.163824  130.339996   12.704691   0.024977   
1108    -4      1125     1125  130.079316  130.339996   -1.042720  -0.002004   

      EntryTime   ExitTime Duration  
0    2017-11-30 2017-12-01   1 days  
1    2017-12-01 2017-12-04   3 days  
2    2017-12-04 2017-12-07   3 days  
3    2017-12-07 2017-12-11   4 days  
4    2017-12-11 2017-12-13   2 days  
...         ...        ...      ...  
1104 2022-05-12 2022-05-13   1 days  
1105 2022-05-13 2022-05-16   3 days  
1106 2022-05-16 2022-05-17   1 days  
1107 2022-05-17 2022-05-18   1 days  
1108 2022-05-18 2022-05-18   0 days  

[1109 rows x 10 columns]","   Size  EntryBar  ExitBar  EntryPrice  ExitPrice          PnL  ReturnPct  \
0  -287       553      554   34.780298  35.080002   -86.014863  -0.008617   
1   282       554      556   35.150162  34.880001   -76.185336  -0.007686   
2   281       556      559   34.949761  34.459999  -137.623118  -0.014013   
3  -282       559      560   34.391079  34.529999   -39.175353  -0.004039   
4  -280       560      561   34.460939  33.180000   358.662773   0.037171   
5   301       561      563   33.246360  31.389999  -558.764636  -0.055837   
6   300       563     1125   31.452779  35.619999  1250.165863   0.132491   

   EntryTime   ExitTime Duration  
0 2020-02-11 2020-02-12   1 days  
1 2020-02-12 2020-02-14   2 days  
2 2020-02-14 2020-02-20   6 days  
3 2020-02-20 2020-02-21   1 days  
4 2020-02-21 2020-02-24   3 days  
5 2020-02-24 2020-02-26   2 days  
6 2020-02-26 2022-05-18 812 days  ","   Size  EntryBar  ExitBar  EntryPrice  ExitPrice          PnL  ReturnPct  \
0  -455       553      554   21.975960  22.299999  -147.437645  -0.014745   
1   440       554      555   22.344599  22.350000     2.376504   0.000242   
2  -441       555      563   22.305300  23.500000  -526.862532  -0.053561   
3   396       563     1104   23.547000  38.470001  5909.508483   0.633754   
4  -396      1104     1125   38.393061  39.000000  -240.347758  -0.015809   

   EntryTime   ExitTime Duration  
0 2020-02-11 2020-02-12   1 days  
1 2020-02-12 2020-02-13   1 days  
2 2020-02-13 2020-02-26  13 days  
3 2020-02-26 2022-04-19 783 days  
4 2022-04-19 2022-05-18  29 days  ","   Size  EntryBar  ExitBar  EntryPrice  ExitPrice          PnL  ReturnPct  \
0  -356       292      550   28.063761  28.230000   -59.180979  -0.005924   
1  -352       550      555   28.173540  28.520000  -121.954242  -0.012297   
2  -344       555      557   28.462960  29.799999  -459.941340  -0.046975   
3  -314       557      561   29.740399  29.920000   -56.394663  -0.006039   
4   310       561      567   29.979840  29.520000  -142.550282  -0.015338   
5  -310       567      606   29.460960  33.070000 -1118.802164  -0.122502   
6  -243       606     1076   33.003860  55.099998 -5369.361723  -0.669502   
7    48      1076     1125   55.210198  49.619999  -268.329578  -0.101253   

   EntryTime   ExitTime Duration  
0 2019-01-29 2020-02-06 373 days  
1 2020-02-06 2020-02-13   7 days  
2 2020-02-13 2020-02-18   5 days  
3 2020-02-18 2020-02-24   6 days  
4 2020-02-24 2020-03-03   8 days  
5 2020-03-03 2020-04-28  56 days  
6 2020-04-28 2022-03-09 680 days  
7 2022-03-09 2022-05-18  70 days  ","   Size  EntryBar  ExitBar  EntryPrice   ExitPrice          PnL  ReturnPct  \
0  -109       553      616   91.047543   79.430000  1266.312192   0.127599   
1  -142       616      721   79.271140   94.040001 -2097.178207  -0.186308   
2    97       721      771   94.228081  101.120003   668.516417   0.073141   
3   -97       771      960  100.917763  114.830002 -1349.487192  -0.137857   
4   -74       960     1025  114.600342  108.080002   482.505160   0.056896   
5    82      1025     1125  108.296162   95.559998 -1044.365471  -0.117605   

   EntryTime   ExitTime Duration  
0 2020-02-11 2020-05-12  91 days  
1 2020-05-12 2020-10-09 150 days  
2 2020-10-09 2020-12-21  73 days  
3 2020-12-21 2021-09-22 275 days  
4 2021-09-22 2021-12-23  92 days  
5 2021-12-23 2022-05-18 146 days  ","   Size  EntryBar  ExitBar  EntryPrice  ExitPrice          PnL  ReturnPct  \
0  -184       553      555   54.231320  55.770000  -283.117176  -0.028373   
1  -174       555      563   55.658460  45.490002  1769.311827   0.182694   
2   251       563     1125   45.580982  59.730000  3551.403483   0.310415   

   EntryTime   ExitTime Duration  
0 2020-02-11 2020-02-13   2 days  
1 2020-02-13 2020-02-26  13 days  
2 2020-02-26 2022-05-18 812 days  ","   Size  EntryBar  ExitBar  EntryPrice   ExitPrice          PnL  ReturnPct  \
0   -41       555      557  240.488061  244.839996  -178.429340  -0.018096   
1   -40       557      561  244.350316  238.479996   234.812825   0.024024   
2    42       561      563  238.956956  239.100006     6.008116   0.000599   
3    42       563     1125  239.578206  293.000000  2243.715343   0.222983   

   EntryTime   ExitTime Duration  
0 2020-02-13 2020-02-18   5 days  
1 2020-02-18 2020-02-24   6 days  
2 2020-02-24 2020-02-26   2 days  
3 2020-02-26 2022-05-18 812 days  ","   Size  EntryBar  ExitBar  EntryPrice   ExitPrice          PnL  ReturnPct  \
0   -78       550      553  126.646202  126.269997    29.343981   0.002971   
1   -79       553      555  126.017457  123.730003   180.708810   0.018152   
2   -82       555      557  123.482543  125.830002  -192.491595  -0.019010   
3   -79       557      561  125.578342  125.260002    25.148836   0.002535   
4    80       561      562  125.510522  123.019997  -199.242040  -0.019843   
5    79       562      563  123.266037  121.419998  -145.837039  -0.014976   
6    79       563      567  121.662838  119.730003  -152.693950  -0.015887   
7   -79       567      616  119.490543  115.199997   338.953166   0.035907   
8   -85       616     1125  114.969597  154.669998 -3374.534103  -0.345312   

   EntryTime   ExitTime Duration  
0 2020-02-06 2020-02-11   5 days  
1 2020-02-11 2020-02-13   2 days  
2 2020-02-13 2020-02-18   5 days  
3 2020-02-18 2020-02-24   6 days  
4 2020-02-24 2020-02-25   1 days  
5 2020-02-25 2020-02-26   1 days  
6 2020-02-26 2020-03-03   6 days  
7 2020-03-03 2020-05-12  70 days  
8 2020-05-12 2022-05-18 736 days  ","     Size  EntryBar  ExitBar  EntryPrice  ExitPrice           PnL  ReturnPct  \
0   -5329        47      146     1.87624       1.46   2218.142731   0.221848   
1    8351       146      178     1.46292       1.56    810.714283   0.066360   
2   -8368       178      207     1.55688       1.46    810.691043   0.062227   
3   -9498       207      210     1.45708       1.43    257.206700   0.018585   
4    9838       210      211     1.43286       1.50    660.523837   0.046857   
5    9818       211      249     1.50300       1.16  -3367.574328  -0.228210   
6    9799       249      267     1.16232       1.24    761.186741   0.066832   
7   -9818       267      273     1.23752       1.08   1546.531032   0.127287   
8   12657       273      358     1.08216       2.47  17565.890698   1.282472   
9   12631       358      393     2.47494       2.80   4105.831896   0.131341   
10  12606       393      408     2.80560       2.68  -1583.312156  -0.044768   
11 -12631       408      413     2.67464       2.53   1826.949043   0.054078   
12  14048       413      451     2.53506       3.84  18331.796317   0.514757   
13  14020       451      525     3.84768       3.01 -11744.272528  -0.217710   
14 -14048       525      545     3.00398       3.17  -2332.250165  -0.055267   
15  12551       545      547     3.17634       3.18     45.936538   0.001152   
16  12526       547      550     3.18636       3.36   2175.012488   0.054495   
17 -12551       550      551     3.35328       3.42   -837.404992  -0.019897   
18  12037       551      554     3.42684       3.49    760.256115   0.018431   
19  12013       554      555     3.49698       3.48   -203.980626  -0.004856   
20 -12037       555      556     3.47304       3.56  -1046.736602  -0.025039   
21  11426       556      561     3.56712       3.39  -2023.771266  -0.049653   
22  11404       561      564     3.39678       2.93  -5323.159557  -0.137418   
23 -11427       564     1104     2.92414       0.76  24729.628650   0.740095   
24 -76658      1104     1125     0.75848       0.69   5249.539293   0.090286   

    EntryTime   ExitTime Duration  
0  2018-02-06 2018-06-28 142 days  
1  2018-06-28 2018-08-14  47 days  
2  2018-08-14 2018-09-25  42 days  
3  2018-09-25 2018-09-28   3 days  
4  2018-09-28 2018-10-01   3 days  
5  2018-10-01 2018-11-23  53 days  
6  2018-11-23 2018-12-20  27 days  
7  2018-12-20 2018-12-31  11 days  
8  2018-12-31 2019-05-03 123 days  
9  2019-05-03 2019-06-24  52 days  
10 2019-06-24 2019-07-16  22 days  
11 2019-07-16 2019-07-23   7 days  
12 2019-07-23 2019-09-16  55 days  
13 2019-09-16 2019-12-31 106 days  
14 2019-12-31 2020-01-30  30 days  
15 2020-01-30 2020-02-03   4 days  
16 2020-02-03 2020-02-06   3 days  
17 2020-02-06 2020-02-07   1 days  
18 2020-02-07 2020-02-12   5 days  
19 2020-02-12 2020-02-13   1 days  
20 2020-02-13 2020-02-14   1 days  
21 2020-02-14 2020-02-24  10 days  
22 2020-02-24 2020-02-27   3 days  
23 2020-02-27 2022-04-19 782 days  
24 2022-04-19 2022-05-18  29 days  ","    Size  EntryBar  ExitBar  EntryPrice   ExitPrice          PnL  ReturnPct  \
0    -83       525      545  119.261000  109.809998   784.433203   0.079246   
1     98       545      550  110.029618  110.629997    58.837211   0.005457   
2    -98       550      551  110.408737  108.930000   144.916221   0.013393   
3    100       551      553  109.147860  110.779999   163.213847   0.014953   
4   -100       553      554  110.558439  112.510002  -195.156335  -0.017652   
5     97       554      555  112.735022  111.370003  -132.406881  -0.012108   
6    -97       555      556  111.147263  110.839996    29.804841   0.002764   
7     97       556      557  111.061676  109.000000  -199.982604  -0.018563   
8    -97       557      561  108.782000  105.709999   297.984089   0.028240   
9    103       561      563  105.921419  100.860001  -521.326103  -0.047785   
10   103       563      564  101.061721   95.949997  -526.507537  -0.050580   
11  -103       564      565   95.758097   90.629997   528.194269   0.053553   
12   114       565      570   90.811257   93.919998   354.396465   0.034233   
13   114       570      971   94.107838  105.610001  1311.246519   0.122223   
14  -114       971     1104  105.398781  173.080002 -7715.659219  -0.642144   
15   -25      1104     1125  172.733842  174.119995   -34.653832  -0.008025   

    EntryTime   ExitTime Duration  
0  2019-12-31 2020-01-30  30 days  
1  2020-01-30 2020-02-06   7 days  
2  2020-02-06 2020-02-07   1 days  
3  2020-02-07 2020-02-11   4 days  
4  2020-02-11 2020-02-12   1 days  
5  2020-02-12 2020-02-13   1 days  
6  2020-02-13 2020-02-14   1 days  
7  2020-02-14 2020-02-18   4 days  
8  2020-02-18 2020-02-24   6 days  
9  2020-02-24 2020-02-26   2 days  
10 2020-02-26 2020-02-27   1 days  
11 2020-02-27 2020-02-28   1 days  
12 2020-02-28 2020-03-06   7 days  
13 2020-03-06 2021-10-07 580 days  
14 2021-10-07 2022-04-19 194 days  
15 2022-04-19 2022-05-18  29 days  ","   Size  EntryBar  ExitBar  EntryPrice  ExitPrice          PnL  ReturnPct  \
0  -180       550      553   55.319140  55.740002   -75.755047  -0.007608   
1  -178       553      563   55.628522  48.220001  1318.716641   0.133178   
2   232       563     1103   48.316441  84.389999  8369.065495   0.746610   
3   231      1103     1125   84.558779  81.900002  -614.177686  -0.031443   

   EntryTime   ExitTime Duration  
0 2020-02-06 2020-02-11   5 days  
1 2020-02-11 2020-02-26  15 days  
2 2020-02-26 2022-04-18 782 days  
3 2022-04-18 2022-05-18  30 days  ","   Size  EntryBar  ExitBar  EntryPrice   ExitPrice          PnL  ReturnPct  \
0   -72       553      555  137.983475  137.750000    16.810165   0.001692   
1   -72       555     1125  137.474500  121.300003  1164.563780   0.117655   

   EntryTime   ExitTime Duration  
0 2020-02-11 2020-02-13   2 days  
1 2020-02-13 2022-05-18 825 days  ","   Size  EntryBar  ExitBar  EntryPrice   ExitPrice          PnL  ReturnPct  \
0   -86       550      553  115.758018  117.070000  -112.830437  -0.011334   
1   -84       553      555  116.835860  117.839996   -84.347478  -0.008594   
2   -83       555      557  117.604316  116.949997    54.308510   0.005564   
3   -84       557      561  116.716097  114.480003   187.831862   0.019158   
4    87       561      563  114.708963  112.180000  -220.019786  -0.022047   
5    87       563      567  112.404360  112.000000   -35.179347  -0.003597   
6   -87       567      570  111.776000  104.160004   662.591681   0.068136   
7   100       570      616  104.368324  121.000000  1663.167633   0.159356   
8  -100       616      721  120.758000  162.199997 -4144.199695  -0.343182   
9    49       721     1125  162.524397  163.070007    26.734909   0.003357   

   EntryTime   ExitTime Duration  
0 2020-02-06 2020-02-11   5 days  
1 2020-02-11 2020-02-13   2 days  
2 2020-02-13 2020-02-18   5 days  
3 2020-02-18 2020-02-24   6 days  
4 2020-02-24 2020-02-26   2 days  
5 2020-02-26 2020-03-03   6 days  
6 2020-03-03 2020-03-06   3 days  
7 2020-03-06 2020-05-12  67 days  
8 2020-05-12 2020-10-09 150 days  
9 2020-10-09 2022-05-18 586 days  ","    Size  EntryBar  ExitBar  EntryPrice  ExitPrice         PnL  ReturnPct  \
0    173       279      553   57.795360  60.189999  414.272430   0.041433   
1   -173       553      555   60.069619  58.369999  294.034208   0.028294   
2   -183       555      556   58.253259  58.700001  -81.753755  -0.007669   
3   -181       556      557   58.582601  58.759998  -32.108958  -0.003028   
4   -180       557      559   58.642478  58.090000   99.446071   0.009421   
5   -184       559      562   57.973820  58.040001  -12.177260  -0.001142   
6    183       562      563   58.156081  57.380001 -142.022612  -0.013345   
7    183       563      564   57.494761  56.779999 -130.801499  -0.012432   
8   -183       564      570   56.666439  55.290001  251.888130   0.024290   
9    192       570      616   55.400581  56.750000  259.088464   0.024357   
10  -192       616     1046   56.636500  53.130001  673.247795   0.061912   
11   217      1046     1125   53.236261  48.950001 -930.118487  -0.080514   

    EntryTime   ExitTime Duration  
0  2019-01-09 2020-02-11 398 days  
1  2020-02-11 2020-02-13   2 days  
2  2020-02-13 2020-02-14   1 days  
3  2020-02-14 2020-02-18   4 days  
4  2020-02-18 2020-02-20   2 days  
5  2020-02-20 2020-02-25   5 days  
6  2020-02-25 2020-02-26   1 days  
7  2020-02-26 2020-02-27   1 days  
8  2020-02-27 2020-03-06   8 days  
9  2020-03-06 2020-05-12  67 days  
10 2020-05-12 2022-01-25 623 days  
11 2022-01-25 2022-05-18 113 days  ","   Size  EntryBar  ExitBar  EntryPrice  ExitPrice          PnL  ReturnPct  \
0   120       545      553   83.133495  81.927483  -144.721479  -0.014507   
1  -120       553      554   81.763628  81.145035    74.231142   0.007566   
2   122       554      555   81.307325  79.131676  -265.429195  -0.026758   
3  -122       555      556   78.973412  78.463737    62.180335   0.006454   
4   123       556      565   78.620665  73.167938  -670.685388  -0.069355   
5   123       565     1125   73.314274  92.559998  2367.223984   0.262510   

   EntryTime   ExitTime Duration  
0 2020-01-30 2020-02-11  12 days  
1 2020-02-11 2020-02-12   1 days  
2 2020-02-12 2020-02-13   1 days  
3 2020-02-13 2020-02-14   1 days  
4 2020-02-14 2020-02-28  14 days  
5 2020-02-28 2022-05-18 810 days  ","   Size  EntryBar  ExitBar  EntryPrice   ExitPrice          PnL  ReturnPct  \
0   -53       553      555  185.468316  184.000000    77.820766   0.007917   
1   -54       555      556  183.632000  183.619995     0.648264   0.000065   
2    54       556      563  183.987235  178.869995  -276.330959  -0.027813   
3    54       563     1125  179.227735  211.050003  1718.402469   0.177552   

   EntryTime   ExitTime Duration  
0 2020-02-11 2020-02-13   2 days  
1 2020-02-13 2020-02-14   1 days  
2 2020-02-14 2020-02-26  12 days  
3 2020-02-26 2022-05-18 812 days  ","   Size  EntryBar  ExitBar  EntryPrice   ExitPrice          PnL  ReturnPct  \
0   -61       553      555  162.015316  166.270004  -259.535964  -0.026261   
1   -58       555      556  165.937464  167.089996   -66.846860  -0.006946   
2    57       556     1125  167.424176  331.500000  9352.321949   0.980001   

   EntryTime   ExitTime Duration  
0 2020-02-11 2020-02-13   2 days  
1 2020-02-13 2020-02-14   1 days  
2 2020-02-14 2022-05-18 824 days  ","    Size  EntryBar  ExitBar  EntryPrice  ExitPrice          PnL  ReturnPct  \
0    213       292      413   46.873559  52.000000  1091.931981   0.109367   
1    212       413      545   52.104000  65.639999  2869.631871   0.259788   
2    212       545      550   65.771279  67.300003   324.089417   0.023243   
3   -212       550      551   67.165403  66.860001    64.745316   0.004547   
4    214       551      553   66.993721  66.830002   -35.035819  -0.002444   
5   -214       553      554   66.696342  67.599998  -193.382522  -0.013549   
6    208       554      555   67.735198  66.989998  -155.001726  -0.011002   
7   -208       555      556   66.856018  67.519997  -138.107585  -0.009931   
8    204       556      557   67.655037  66.660004  -202.986727  -0.014707   
9   -204       557      561   66.526684  61.610001  1003.003341   0.073905   
10   236       561      564   61.733221  57.930000  -897.559992  -0.061607   
11  -237       564      570   57.814140  55.180000   624.291180   0.045562   
12   259       570      616   55.290360  60.220001  1276.776997   0.089159   
13  -260       616      664   60.099561  61.520000  -369.314202  -0.023635   
14   247       664     1104   61.643040  46.599998 -3715.631370  -0.244035   
15  -248      1104     1114   46.506798  44.790001   425.765795   0.036915   
16   266      1114     1125   44.879581  43.980000  -239.288646  -0.020044   

    EntryTime   ExitTime Duration  
0  2019-01-29 2019-07-23 175 days  
1  2019-07-23 2020-01-30 191 days  
2  2020-01-30 2020-02-06   7 days  
3  2020-02-06 2020-02-07   1 days  
4  2020-02-07 2020-02-11   4 days  
5  2020-02-11 2020-02-12   1 days  
6  2020-02-12 2020-02-13   1 days  
7  2020-02-13 2020-02-14   1 days  
8  2020-02-14 2020-02-18   4 days  
9  2020-02-18 2020-02-24   6 days  
10 2020-02-24 2020-02-27   3 days  
11 2020-02-27 2020-03-06   8 days  
12 2020-03-06 2020-05-12  67 days  
13 2020-05-12 2020-07-21  70 days  
14 2020-07-21 2022-04-19 637 days  
15 2022-04-19 2022-05-03  14 days  
16 2022-05-03 2022-05-18  15 days  ","   Size  EntryBar  ExitBar  EntryPrice  ExitPrice          PnL  ReturnPct  \
0  -192       553      555   51.995798  53.160000  -223.526663  -0.022390   
1  -184       555      556   53.053680  53.349998   -54.522627  -0.005585   
2   181       556     1125   53.456698  65.589996  2196.126914   0.226974   

   EntryTime   ExitTime Duration  
0 2020-02-11 2020-02-13   2 days  
1 2020-02-13 2020-02-14   1 days  
2 2020-02-14 2022-05-18 824 days  ","   Size  EntryBar  ExitBar  EntryPrice   ExitPrice          PnL  ReturnPct  \
0    65       554      555  152.173735  150.160004  -130.892544  -0.013233   
1   -65       555      556  149.859684  150.559998   -45.520404  -0.004673   
2    65       556     1125  150.861118  178.839996  1818.627121   0.185461   

   EntryTime   ExitTime Duration  
0 2020-02-12 2020-02-13   1 days  
1 2020-02-13 2020-02-14   1 days  
2 2020-02-14 2022-05-18 824 days  ","   Size  EntryBar  ExitBar  EntryPrice   ExitPrice          PnL  ReturnPct  \
0    31       556      560  319.507735  322.559998    94.620136   0.009553   
1   -31       560      561  321.914878  315.500000   198.861204   0.019927   
2    32       561      565  316.131000  285.250000  -988.192000  -0.097684   
3    32       565      568  285.820500  308.290009   719.024273   0.078614   
4    32       568     1052  308.906589  511.109985  6470.508697   0.654578   
5    32      1052     1125  512.132205  460.000000 -1668.230570  -0.101794   

   EntryTime   ExitTime Duration  
0 2020-02-14 2020-02-21   7 days  
1 2020-02-21 2020-02-24   3 days  
2 2020-02-24 2020-02-28   4 days  
3 2020-02-28 2020-03-04   5 days  
4 2020-03-04 2022-02-02 700 days  
5 2022-02-02 2022-05-18 105 days  "
